clave,nombre
01AAN-85,Actopan
01AAP-85,Apaplastic
01ACC-85,Aceros Corsa
01ACM-85,Aceros Camesa
01ACN-85,Aceros Nacionales
01ACO-230,Acolman
01ACS-230,Aceros Corsa
01AGU-230,Aguilas
01AGV-85,Agua Viva
01AIN-115,Atlacomulco Industrial
01ALR-85,Alpura
01AMO-85,Amomolulco
01ANL-85,Atotonilco
01ANM-115,Agustin Millan
01ANS-85,San Andres
01ANU-115,Arcelia Nueva
01ANU-69,Arcelia Nueva
01ARA-85,Aragon
01ARX-230,Armex
01ASK-230,ASF-K Mexico
01ATE-230,Atenco
01ATE-85,Atenco
01ATG-69,Arteaga
01ATI-230,Atizapan
01ATK-230,Aztecas
01ATM-115,Altamirano Dos
01ATS-115,APM Terminals
01ATU-115,Atlacomulco Mexico
01AUM-85,Auto Metales
01AUO-115,Aculco
01AUR-230,Aurora
01AVA-115,Avandaro
01AVT-85,Avante Textil
01AYO-230,Ayotla
01AZC-230,Azcapotzalco
01BAR-85,Barrientos
01BBR-115,Santa Barbara
01BBV-230,BBVA Centro Tecnologico America
01BDK-85,Becton Dickinson
01CAH-85,Cementos Anahuac
01CAR-85,Careaga
01CAY-115,Cayacal
01CCM-115,Cerro del Campo
01CCZ-230,Cementera Cruz Azul
01CDS-85,Condesa
01CEA-85,Cementos Apaxco
01CEI-230,Ceilan
01CFD-230,Cofraida Dos
01CFI-230,Cofraida
01CFZ-85,Cementos Fortaleza
01CHA-85,Chalco
01CHE-85,Campos Hermanos
01CHN-230,Chimalhuacan Movil
01CJM-230,Cuajimalpa
01CMC-230,Cuauhtemoc
01CMO-115,Campo Morado
01CNA-69,Cardenas
01COA-230,Coapa
01COM-115,Comalco
01COY-230,Coyoacan
01CPG-230,Chapingo
01CPM-230,Carton y Papel de Mexico
01CRG-230,Cerro Gordo
01CRG-85,Cerro Gordo
01CRM-85,Carmen
01CRS-230,Contreras
01CRU-230,Santa Cruz
01CSN-115,Canchesda Nueva
01CSR-115,Carbon Ser
01CTD-230,Contadero
01CTG-230,Cartagena
01CTT-85,Cuautitlan
01CVD-85,Covadonga
01CYO-85,Coyotepec
01DAA-230,Diana
01DCA-85,Dos Carlos
01DCO-85,De Acero
01DOG-115,Donato Guerra
01DVA-230,Deportiva
01ECA-230,Ecatepec
01ECB-115,Subestacion Cuatro Bombeo
01ECR-230,El Cerrito
01EDB-115,Subestacion Dos Bombeo
01ELG-115,El Gallo
01ENB-115,Subestacion Cinco Bombeo
01ESB-115,Subestacion Seis Bombeo
01EST-230,Estadio
01ETB-115,Subestacion Tres Bombeo
01EUB-115,Subestacion Uno Bombeo
01EVD-230,El Vidrio
01FMC-85,Ford Motor Co
01FPG-115,San Felipe del Progreso
01FRR-115,San Francisco de los Reyes
01GMC-85,General Motors de Mexico
01GMY-115,Guacamaya
01GUA-85,Guadalupe
01HTC-85,Huasteca
01HTM-115,Huetamo
01HTT-85,Huehuetoca
01INM-85,Industria Militar
01INN-85,Indianilla
01INS-85,Insurgentes
01INU-115,Industrias Unidas
01IRO-230,Irolo
01ISC-85,Industrial San Cristobal
01ISO-115,San Isidro
01ITD-115,Ixtlahuaca Dos
01IUN-115,Iusasol 1
01IXL-230,Ixtapaluca
01IXS-115,Ixtapan de la Sal Mexico
01IXT-115,Ixtapantongo
01IZT-230,Iztapalapa
01JAM-85,Jamaica
01JAS-85,Jasso
01JCP-85,Juchitepec
01JDV-85,Jugos del Valle
01JID-115,Jilotepec Industrial
01JIL-115,Jilotepec Mexico
01JJA-85,Jajalpa
01JLC-230,Jabon La Corona
01JRB-230,Jorobas
01JUA-85,Juando
01KCR-230,Kilometro  0
01KDM-85,Chrysler de Mexico
01LAC-115,La Ceiba
01LAP-230,La Paz
01LAQ-85,La Quebrada
01LAZ-85,San Lazaro
01LCD-115,Lazaro Cardenas Distribucion
01LCP-230,Lazaro Cardenas Potencia
01LCP-400,Lazaro Cardenas Potencia
01LCT-85,La Costeña
01LEC-85,Lecheria
01LER-85,Lerma
01LES-115,La Estancia
01LFG-230,Lafarge
01LOM-85,Loma
01LQX-85,Liquimex
01LVE-230,Lomas Verdes
01MAD-230,Madero
01MAG-85,Magdalena
01MER-230,Merced
01MGR-85,Milagros
01MIR-115,Mina Real
01MLP-230,Chimalpa
01MOR-230,Morelos
01MOS-85,Morales
01MTI-115,Minera Tizapa
01MZA-85,Moctezuma
01NAR-230,Narvarte
01NAR-85,Narvarte
01NAU-85,Naucalpan
01NEC-85,Necaxa
01NET-85,Netzahualcoyotl
01NFA-85,Nueva Fanal
01NIS-85,Nissan
01NLE-85,Nestle
01NON-85,Nonoalco
01NTG-115,Nutrigo
01OCE-230,Oceania
01ODB-230,Odon de Buen
01OLI-230,Olivar
01OTM-230,Otumba Maniobras
01PAC-85,Pachuca
01PAT-85,Patera
01PCC-85,Puesto Central de Control
01PDO-115,Papelera el Nevado
01PEN-230,Pensador
01PEV-230,Peralvillo
01PEX-85,Pemex
01PHC-230,Papeles higienicos del Centro
01PIR-85,Parque Industrial Reforma
01PIT-400,Pitirera
01PLO-115,Placeres del Oro
01PLZ-115,Palizada Mexico
01PMT-115,Productora Mexicana de Tuberia
01PMX1115,PEMEX
01PMX2115,PEMEX
01PNN-230,Punta Norte
01PNT-85,Pantitlan
01POO-230,Polanco
01PQI-115,Parque Industrial
01PRO-85,Propimex
01PSR-85,Papelera San Rafael
01PTH-85,Puerta de Hierro
01PTL-85,Patla
01PXA-85,Pemex Azcapotzalco
01PYG-230,Procter and Gamble
01RAT-230,Planta de Aguas Residuales Atotonilco
01RBS-85,Robert Bosch
01REF-85,Reforma
01REM-230,Remedios
01REM-85,Remedios
01RES-230,Los Reyes
01RES-85,Reyes
01RSL-230,El Rosal
01SAF-85,Safmex
01SAO-85,Salto
01SCD-230,Sicartsa Dos
01SDI-85,San Diego
01SKP-85,Smurfit Kappa
01SMT-115,San Mateo
01SNG-230,San Angel
01SOX-230,Sosa Texcoco
01SSE-115,San Sebastian
01SSO-85,San Francisco
01SSP-85,Secretaria de Seguridad Publica
01STU-115,Santiago Tlautla
01TAC-85,Tacuba
01TAX-230,Taxqueña
01TAX-85,Taxqueña
01TCC-230,Tula Ciclo Combinado
01TCM-230,Tecamac
01TDK-230,Toluca 2000
01TDV-85,Tenango del Valle
01TEH-230,Tecamachalco
01TEP-85,Tepexic
01TIA-230,Tianguistenco
01TIN-115,Tingambato
01TIZ-230,Tizayuca
01TJP-115,Tejupilco Edo de Mexico
01TKM-230,Tecamac Movil
01TLG-85,Tulancingo
01TLT-85,Tolteca
01TMA-115,Tres Marias
01TOL-85,Toluca
01TOP-230,Topilejo
01TPA-115,Tlapehuala
01TPZ-85,Tepotzotlan
01TQC-115,Tiquicheo
01TRX-85,Trimex
01TTC-230,Totoltepec
01TTH-230,Teotihuacan
01TTO-85,Tlatelulco
01TTT-115,Texcaltitlan
01TUL-230,Tula
01TUL-400,Tula
01TYA-230,Tacubaya
01VAE-230,Valle de Mexico
01VAJ-230,Vallejo
01VDF-85,Villa de las flores
01VDM-85,Valle de Mexico Turbogas
01VDT-85,Vidriera Toluca
01VER-230,Vertiz
01VFI-85,Vitro Fibras
01VGU-115,Villa Guerrero
01VIC-230,Victoria
01VIC-85,Victoria
01VIL-230,Villita
01VIT-85,Vito
01VLR-85,Vidriera los Reyes
01VPM-85,Vidrio Plano de Mexico
01VRN-230,Veronica
01VRN-85,Veronica
01VTU-85,Valle Tulancingo
01XAL-230,Xalostoc
01XOC-230,Xochimilco
01YBC-115,Yebucibi
01ZAE-85,Zapata Embases
01ZAR-230,Zaragoza
01ZIC-85,Zictepec
01ZIR-69,Zirandaro
01ZUM-85,Zumpango
02AAA-115,Acala
02ABL-115,AB Calsa
02ACA-115,Acatlan
02ACJ-115,Acajete
02ACY-115,Acayucan
02ACZ-115,Acatzingo
02ADD-115,Agua Dulce Dos
02ADS-115,Andres Dos San
02AEN-115,Atencingo
02AGA-115,Agua Santa
02AGF-69,Agua Fria
02AHZ-115,Acahuizotla
02AMF-115,Auto Manufacturas
02AMN-115,Aluminio
02AMZ-115,Amozoc
02ANC-115,Ana Chiautempan Santa
02ANG-400,Angostura
02AOC-115,Actopan
02AOS-115,Los Arcos
02APC-115,Acapulco
02API-115,Apizaco Dos
02ARC-115,Adolfo Ruiz Cortinez
02ARG-115,Agronitrogenados
02ARP-69,Aeropuerto
02ARR-115,Arriaga
02ARU-115,Aeropuerto
02ASI-115,Aquasistemas
02ATC-115,Atlixco
02ATX-230,Aceros Tlaxcala
02ATZ-115,Atlihuetzia
02AUN-115,Antuñano
02AVD-115,Alvarado Dos
02AXO-115,Atexcaco
02AXT-115,Atlixcayotl
02AYA-115,Acacoyaua
02AYT-115,Ayutla
02AZA-115,Agua Zarca
02AZY-115,Altzayanca
02BAA-115,Balsas
02BCH-115,Bochil
02BDD-115,Belisario Dominguez II
02BDR-115,Boca del Rio
02BDZ-115,Belisario Dominguez
02BGS-115,Bugambilias SF6
02BJU-115,Benito Juárez
02BNL-115,Bonfil
02BOE-115,Bosques
02BPP-115,Bio Pappel Printing
02BRN-115,Barra Norte
02BRS-115,Las Brisas
02BVI-115,Buena Vista
02CAC-115,Carlos A. Carrillo
02CAE-115,Cardel
02CAO-115,Comalcalco Oriente
02CAX-115,Cactus Pemex
02CAY-115,Cayaco
02CAZ-115,Costa Azul
02CBE-400,Ciclo Combinado Centro
02CBM-115,Cebadas y Maltas
02CBS-115,Cordoba Dos
02CCA-115,Cementos Cruz Azul
02CCL-69,Cecilio del Valle
02CCS-115,Chilpancingo Dos
02CDD-115,Cardenas Dos
02CDN-115,Cardenas
02CDO-115,Cerro Azul Dos
02CDX-115,Ciudad Textil
02CEF-115,Centro de Exposiciones y Convenciones Fuertes
02CEM-115,Cementos Apasco
02CEO-115,El Cerro
02CFV-115,CEFERESO Villacomaltitlan
02CGC-115,Cogeneracion de Energia Limpia de Cosoleacaque
02CGJ-115,Complejo Petroquimico Cangrejera
02CGN-115,Cruz Grande
02CGO-115,Cd Hidalgo Chiapas
02CHD-115,Chinameca Dos
02CHG-115,Chilpancingo
02CHH-115,Chignahuapan
02CHI-115,Chicontepec
02CHP-115,Chilapan
02CHT-115,Chontalpa
02CIC-115,Canticas
02CIH-115,Cd Industrial Villahermosa
02CIL-115,Cuautla Industrial
02CIO-85,Centenario
02CIP-115,Chilapa
02CIT-115,Cintalapa Dos
02CIV-115,Civac
02CIY-115,Cinco de Mayo
02CJT-115,Comitan
02CLO-115,Cloro de Tehuantepec
02CLS-115,Celanese
02CLT-69,Colotlipa
02CMA-115,Cerveceria Moctezuma
02CMT-115,Cementos Moctezuma
02CNJ-115,Conejos
02CNM-115,Carmen
02CNU-115,Contla
02CNX-115,Cogeneracion Nuevo Pemex
02COM-115,Comalcalco
02COP-115,Coatepec
02COR-115,Cordoba
02CPA-115,Coapan
02CPL-115,Calpulalpan
02CPO-115,Chapulco
02CPQ-115,Complejo Petroquimico Cosoleacaque
02CPX-115,Ciudad Pemex
02CRI-115,Cristobal San
02CRL-115,El Caracol
02CRL-230,El Caracol
02CRX-115,Cryo  Infra Dos
02CRY-115,Cryo Infra
02CSE-115,Coscomatepec
02CSL-115,Cosolapa
02CSS-115,Cementos Apasco
02CSU-115,Cardenas Sur
02CSX-115,Cactus Switcheo
02CTH-115,Cuitlahuac
02CTM-115,Cuauhtemoc
02CTO-115,Catemaco
02CTS-115,Coatzacoalcos Dos
02CTX-115,Crisol Textil
02CUA-115,Cuautla
02CUE-85,Cuernavaca
02CUG-115,Cruces Generacion
02CUH-115,Cuchapa Pemex
02CUM-230,Cementos Moctezuma
02CUS-115,Cuautla Dos
02CUX-115,Cuicatlan
02CVE-115,Cementos Veracruz
02CVN-115,Cavernas Tuzandepetl
02CVT-115,Cerveceria del Tropico
02CYC-115,Coyuca
02CYR-400,CYCNA de Oriente
02CYX-115,CryoInfra - Praxair
02CZN-115,Cazones
02CZT-115,Coatzintla
02DBC-115,Dos Bocas Ciclo Combinado
02DBC-230,Dos Bocas Ciclo Combinado
02DBX-115,Dos Bocas Pemex
02DIN-69,Distrito Industrial
02DUA-115,Cunduacan
02DXM-115,DPA Draexlmaier Partes Automotoras de Mexico
02EAS-115,Eastman
02ECM-115,Escamela
02ECN-115,El Conde
02ECT-115,Encanto
02EDO-115,Cerro de Oro
02EJT-115,Ejutla
02ELC-115,El Castillo
02EMZ-115,Emiliano Zapata
02EOC-230,Parques Eolicos Oaxaca IV
02EOD-230,Parques Eolicos Oaxaca II
02EOT-230,Parques Eolicos Oaxaca III
02ERZ-115,Esperanza
02ESF-115,Esfuerzo
02ETD-115,Entabladero
02ETT-115,El Treinta
02ETX-115,Etla
02EXE-115,Excelopolis
02EZA-115,Zapata Poniente
02FCM-115,Frontera Comalapa
02FEM-115,Fermex
02FJM-115,Forjamex
02FLM-115,Flores Magon
02FNQ-115,Feno Quimia
02FOR-115,Fortin
02FRT-115,Frontera
02FRY-115,Franboyanes
02FUE-115,Fuertes
02GAN-115,Guadalupe Analco
02GAR-115,Garita
02GBA-115,Gabino Barreda
02GDM-115,Global Denim
02GIA-115,Grijalva
02GIR-115,Girandas Pemex
02GIS-115,El Girasol
02GLM-115,La Gloria Maniobras
02GRA-115,Gran Prideco
02GRE-115,Gresaise
02GRT-115,La Granja Tres
02GZD-115,Gutierrez Zamora Dos
02HCO-115,Huatulco
02HEL-115,Helipuerto
02HJO-115,Huejotzingo
02HJP-115,Huajuapan
02HMG-115,Huimanguillo
02HMS-115,Humeros Los
02HMT-115,Humeros Tres
02HOC-115,Hueyapan de Ocampo
02HTP-115,Huixtepec
02HTU-115,Huatusco
02HUA-115,Huamantla
02HUJ-69,Huautla de Jimenez
02HUU-115,Huamuxtitlan
02HUX-115,Huixtla
02HYN-115,Hueyapan
02ICD-115,CryoInfra Cardenas
02ICS-115,Industrial Cuautla Dos
02IDE-115,Idesa
02IFN-115,Infonavit
02IGP-115,Igsapak Cogeneracion S.A.P.I de C.V.
02IGU-115,Iguala
02INT-115,Industrial
02IPA-115,Industrial Patrona
02IPD-115,Independencia
02IPO-115,Ixtepec Potencia
02IPO-230,Ixtepec Potencia
02IQU-115,Iquisa
02ISL-115,Isla
02ISN-115,Ingenio San Nicolas
02ITU-115,Itundujia
02IVH-115,Infra Villa Hermosa
02IXH-115,Ixhuatlan de Madero
02IXJ-115,Ixtlan de Juarez
02IXP-115,Ixtepec
02IZD-115,Izucar de Matamoros Dos
02IZM-115,Izucar de Matamoros
02JAA-115,Jalpa
02JBL-115,J. B. Lobos
02JDD-230,Xalapa de Diaz
02JIC-115,El Jicaro
02JIU-115,Jiutepec
02JJT-115,Jojutla
02JLD-115,Jalapa Dos
02JOC-230,San Jose Chiapa
02JRN-115,San Jeronimo
02JTL-115,San Jacinto Tlacotepec
02JUC-115,Juchitan Uno
02JUD-115,Juchitan Dos
02JUD-230,Juchitan Dos
02JUY-115,Juy Juy
02KIA-115,Kimberly Clark Ampliacion 
02KIC-115,Kimberley Clark Pue
02KIM-115,Kimberley Clark Ver
02KRU-115,Krupp
02LAT-115,Los Amates
02LAV-400,Laguna Verde
02LBD-115,Loma Bonita Dos
02LBR-115,La Barra
02LCH-115,La Choca
02LCJ-115,Lacanja
02LGP-115,La Guadalupe
02LGZ-115,La Garza
02LHD-115,Las Choapas Dos
02LIB-115,Libres
02LJU-115,Las Juntas
02LME-115,Lopez Mateos
02LML-115,Almecatla
02LMM-115,Lomas Del Mar
02LMX-115,Liberacion Mexicana
02LOA-115,Lamosa
02LOC-115,Lomas Cocoyoc
02LPA-115,Las Palomas
02LRD-115,Lerdo
02LRP-115,Sn Lorenzo Potencia
02LRZ-115,San Lorenzo
02LSL-115,Lapsolite
02LTP-115,Laguna de tres palos
02LVA-115,La Curva
02LVD-230,La Venta Dos
02MAA-115,Mactumatza
02MAP-115,Mapastepec
02MAR-115,San Martin
02MAS-115,Las Matas
02MAU-115,Minera Autlan
02MAZ-115,Mazatan
02MCB-115,Mocambo
02MCD-115,Macuspana Dos
02MCL-115,Macultepec
02MCN-115,Minera Cuzcatlan
02MCP-115,Macuspana
02MDD-115,Martinez de la Torre Dos
02MEC-115,Metepec
02MET-115,Metaloides
02MEZ-115,Mezcalapa
02MFB-115,Minera Filos-Bermejal
02MGS-115,Las Margaritas
02MHT-115,Miahuatlan
02MID-400,Minatitlan Dos
02MIP-115,Mundo Imperial
02MIS-69,Minas
02MIU-115,Minatitlan uno
02MLC-230,Malinche
02MLN-115,Malinaltepec
02MLU-115,Media Luna
02MMT-400,Manuel Moreno Torres
02MOA-115,El Moral
02MOZ-115,Mozimba
02MPE-115,Malpaso Tres
02MPH-115,Matapionche
02MPR-115,Maniobras PRO MDF
02MPS-115,Malpaso
02MPS-400,Malpaso
02MRA-115,La Mira
02MRO-115,Matias Romero
02MSD-115,Misantla Dos
02MTL-115,Metlatonoc
02MTO-115,Motozintla
02MTT-115,Martines de la Torre Tres
02MTX-115,Mitla
02MUD-115,Miahuatlan Dos
02MVE-115,Metalurgica Veracruzana
02MZL-115,Mezcala
02MZT-230,Mazatepec
02NCH-115,Nochixtlan
02NGL-115,Nogales
02NMO-115,Nuevo Morelos
02NND-115,Nanchital dos
02NOR-115,Norte
02NPX-115,Nuevo Pemex
02NSN-115,Nissan
02OAP-115,Oaxaca Poniente
02OAX-115,Oaxaca
02OCO-115,Ocozingo
02OCZ-115,Ocozocuautla
02OLN-115,Olinala
02OME-115,Omealca
02OMT-115,Ometepec
02ORI-115,Orizaba
02ORT-115,Oriente
02OWC-115,Owens Corning Violet Mexico
02OXC-115,Oxchuc
02OXD-115,Oaxaca Dos
02PAG-115,Pages
02PCO-115,Pichucalco
02PDI-115,Playa Diamante
02PDM-115,Puebla Dos Mil
02PDT-115,Paso del Toro
02PEA-115,Peñitas
02PEA-230,Peñitas
02PEC-115,Proteinas el Calvario
02PED-115,Peñitas Dos
02PEE-115,Perote Dos
02PEI-115,Complejo Petroquimico Independencia
02PFR-115,Puerto Franco
02PGC-115,Procter & Gamble Manufacturas
02PIN-115,Pinotepa Nacional
02PJD-115,Pajaritos Dos
02PJJ-115,Pijijiapam
02PLB-115,Palmar de Bravo
02PLI-115,Punta Limon
02PLL-115,Parrilla
02PLQ-115,Palenque
02PLS-115,Polidesa
02PMC-115,Pomoca
02PMM-115,Palmas
02PMO-115,Complejo Petroquimico Morelos
02PNA-115,Panotla
02PNS-115,Piedras Negras
02POC-115,Pochutla
02PON-115,Poniente
02POR-115,Porcel
02POZ-115,Pozos Huazuntlan
02PPG-115,Papagayo
02PPL-115,Papalotla
02PPN-115,Papanoa
02PPX-115,Paredon Pemex
02PQS-115,Petroquimica Escolin
02PRI-115,Poza Rica
02PRI-69,Poza Rica
02PRQ-115,Parque Industrial
02PRT-69,Poza Rica Tres
02PSF-115,Puebla Uno SF6
02PSG-115,Proenermex Santa Gertrudis
02PSO-115,Paraiso
02PTD-115,Potrero Dos
02PTI-85,Puente de Ixtla
02PTM-115,Puerto Madero
02PTT-115,Petatlan
02PTU-230,Papelera Tuxtepec
02PUC-115,Puerto Chiapas
02PUE-115,Puerto Escondido
02PUI-115,Punta Ixtapa Gro
02PUM-115,Puerto Marquez
02PVC-115,Playa Vicente
02PYN-115,Playa Norte
02PYS-115,Playas
02PZR-115,Pozos Raney
02QMD-115,Quemado
02QMD-69,Quemado
02RBO-115,Rio Blanco
02RDB-115,Real del Bosque
02RDC-115,Rodriguez Clara
02REN-115,Renacimiento
02RFA-115,La Reforma
02RFD-115,San Rafael Dos
02RLC-115,Refineria Lazaro Cardenas Reconfiguracion
02RMC-115,Reyes Mantecon
02RME-115,Rio Medio
02RMN-115,Refineria Minatitlan
02RNA-115,La Reina
02RSC-115,Refineria Salina Cruz
02RSN-115,Resurreccion
02RSO-115,Santa Rosa
02SAC-115,Salina Cruz
02SCF-115,Sacrificios
02SCH-115,Schpoina
02SCO-115,San Cristobal Oriente
02SES-115,Sistemas Energeticos SISA
02SFO-115,San Felipe Oaxaca
02SIA-115,Sintesis Organicas Tlaxcala
02SIV-115,Sivesa
02SLS-115,San Luis San Pedro
02SLU-115,San Luis Acatlan
02SMF-115,San Miguel Santa Flor
02SMG-115,San Miguel
02SMI-115,Samaria
02SMJ-115,Simojovel
02SNF-115,Santa Fe
02SNL-115,San Luis
02SNS-115,Santa Sofia
02SNT-115,Sanchez Taboada
02SOD-115,Soledad de Doblado
02SOY-115,Soyalo
02SRB-115,Sarabia
02SSM-115,San Luis Morelia
02STD-115,Santo Domingo
02STN-115,Santa Anita
02SWA-115,Switcheo Arriaga
02SYA-115,Saloya
02TAD-115,Tamazulapan Dos
02TAE-115,Tapachula Aeropuerto
02TAJ-115,Tajin
02TAN-115,Tlapa Nueva
02TAT-115,Tamulte
02TBH-85,Tabachines
02TBL-115,Tierra Blanca
02TBQ-115,Tabasquillo
02TCA-115,Tecpan
02TCE-115,Tlacotepec
02TCH-115,Tapachula
02TCL-115,Tecali
02TCT-115,Tacotalpa
02TCX-115,Tecomaxtlahuaca
02TDD-115,Tamarindo Dos
02TEZ-115,Tezoyuca
02TGD-115,Tuxtla Gutierrez Dos
02TGU-115,Tuxtla Gutierrez
02THD-115,Tihuatlan Dos
02THN-115,Tehuacan
02THT-115,Tehuantepec
02THU-115,Tlacoachistlahuaca
02TIE-115,Tierra Colorada
02TIL-69,Tilapa
02TIT-115,Tixtla
02TJA-115,Tejalpa
02TJR-115,El Tejar
02TKN-115,Textiles KN de Oriente
02TLD-115,Tecamachalco II
02TLE-115,El Tule
02TLL-115,Tlacolula
02TLM-115,Telmac
02TLN-115,Tulipan
02TLY-115,Tlapacoyan
02TLZ-85,Tlaltizapan
02TML-115,Tecamachalco
02TMU-115,Temascal Uno
02TMU-230,Temascal Uno
02TMX-85,Temixco
02TNA-115,Tonala
02TNI-115,Trinitaria
02TNJ-115,La Tinaja
02TNL-115,Tecnologico
02TNP-115,Tapanatepec
02TNQ-115,Tenosique
02TNZ-115,Tonantzintla
02TOC-230,Cementos Tolteca
02TOE-115,Tapachula Oriente
02TOY-115,Troy
02TPE-115,Tepeaca
02TPG-115,Tuxpango
02TPI-115,Tepeji
02TPJ-115,Tapijulapa
02TPL-115,Tepalcingo
02TPS-115,Tuxtepec Tres
02TPY-115,Tepeyac Veracruz
02TRN-115,Las Trancas
02TRP-230,Ternium Mexico - Largos Puebla  
02TRT-115,Tereftalatos
02TSD-230,Tamsa Dos
02TTA-115,Tlacotalpan
02TTB-115,Teapa Tabasco
02TTE-400,Tres Estrellas
02TTG-115,Altotonga Dos
02TTM-115,Industrial Textil de Puebla
02TTP-115,Tlacotepec
02TUD-115,Tuxpan Dos
02TUQ-115,Tlatlahuquitepec
02TUV-400,Tuxpan Vapor
02TVS-115,Tres Valles
02TXD-115,Tuxtepec Dos
02TXI-115,Tlaxiaco
02TXN-115,Tuxtla Norte
02TXO-115,Taxco
02TXS-115,Tuxtla Sur
02TYS-115,Talleres y Aceros
02TZD-115,Teziutlan Dos
02TZT-115,Teziutlan
02UCT-115,Union Carbide Teapa
02UNL-115,Uniliver
02UNN-115,La Union
02UXD-115,Uxpanapa Dos
02UXU-115,Uxpanapa Uno
02VAN-115,Valle Nacional
02VDA-115,Vega de Alatorre
02VED-115,La Venta Dos
02VEN-69,Venta
02VFD-115,Villa Flores Dos
02VGS-115,Las Vigas Dos
02VHC-115,Villahermosa Centro
02VID-115,Villahermosa Dos
02VIP-115,Villahermosa poniente
02VIS-115,Vistamar
02VIU-115,Villahermosa Uno
02VMN-230,La Venta Maniobras
02VRU-115,Veracruz Uno
02VSE-115,Valsequillo
02VTB-115,Vidriera de Tierra Blanca
02VWG-115,Volkswagen
02XCH-85,Xochicalco
02XIP-85,Xicotepec
02XIT-115,Xicotencatl
02YCP-230,Yecapixtla
02YOL-115,Yolomecatl
02ZAP-85,Zapata
02ZGL-115,Zongolica
02ZHD-115,Zihuatanejo Dos
02ZIH-115,Zihuatanejo
02ZIP-115,Zinacatepec
02ZNT-115,Zanatepec
02ZOP-115,El Zopo
02ZPD-115,Zapata Dos
02ZTP-115,Zacatepec
02ZXP-115,Zacapoaxtla
03ABL-115,Arboledas
03ABO-115,El Arbolito
03ABS-115,Abasolo
03ABT-115,Abastos
03ACC-69,Aceros Corey
03ACE-115,Aceros San Luis
03ACP-115,Acaponeta
03ACR-115,Aceleran
03ACU-69,Acueducto
03ADE-115,San Andres
03ADR-69,Ario de Rosales
03ADS-69,Andares
03AER-115,Aeropuerto
03AET-115,Aerotech
03AEZ-115,Aeropuerto Zacatecas
03AGM-115,Aguamilpa
03AGM-400,Aguamilpa
03AGN-115,Aguascalientes Norte
03AGO-115,Agostaderito
03AGP-115,Aguascalientes Poniente
03AGS-115,Aguascalientes
03AGZ-230,Agua Azul
03AHN-115,Ahuacatlan
03AIA-115,Armeria
03AIL-115,Agroindustrial
03AIS-115,Alfa Nissan
03ALA-69,Alameda
03ALF-115,Nissan Mexicana
03ALK-69,Alcan
03ALM-115,Alumicaste
03ALM-69,Almeira
03ALS-230,Alamos
03ALU-115,Aluprint
03AMB-115,Amistad Bajio
03AMK-115,Ameca
03AMT-69,Amatitan
03AMX-69,Almex
03ANN-115,"Antunez, Micoacan."
03APA-115,Apa Subestacion SLP
03APO-115,Apaseo Oriente
03APP-115,Apasco Particular
03APR-230,Agua Prieta
03APS-115,Apaseo
03APT-115,Aguascalientes Potencia
03APZ-115,Apatzingan uno
03AQM-115,Acambaro
03ARA-115,Arancia
03ARD-115,Angamacutiro Dos
03ARL-115,Aeroespacial
03ARS-115,Arandas
03ART-115,Ahresty Mexicana
03ASM-115,Asmoles
03ASS-115,Aguascalientes Sur
03ASU-115,Asuncion
03ATE-115,Atenquique
03ATO-115,Atotonilco
03ATV-115,Arteva Dos
03AUD-115,Acueducto Dos
03AUT-115,Autlan
03AVE-115,Agave
03AVN-115,Avente
03AVT-115,Avantec
03AXL-115,Ameri Axle & Manufacturas de Mexico
03AYA-115,Ayala
03AYL-115,Arrayanal
03AYN-115,Ayotlan
03AYU-115,Ayuntamiento
03AZA-115,Alzada
03AZF-115,Los Azufres
03AZS-115,Azufres Switcheo
03BAN-115,Banderas
03BCD-115,Barracuda
03BCT-115,Bicentenario
03BFM-230,Bufa Maniobras
03BLA-115,Bolaños
03BNA-115,Buenavista
03BNL-115,Bonlam
03BOC-115,Bocas
03BOL-115,Min y Minas Mexicana
03BON-115,Banon
03BOQ-115,Boquilla
03BOS-115,Robert Bosch Mexico Sistemas Automotrices
03BRC-115,La Barca
03BRI-115,Las Brisas
03BRN-115,Burner Syst Inter Mexico
03BUG-69,Bugambilias
03BVN-115,Buena Vista Norte
03CAB-115,Cablesa
03CAE-115,Celaya Aeropuerto
03CAG-115,Capstone Gold
03CAI-115,Calera Industrial
03CAK-115,Charcas
03CAL-115,Calera
03CAM-115,Campanario
03CBN-69,Cobano
03CBO-69,Jaguar
03CCR-115,Crucero
03CDH-115,Ciudad Hidalgo
03CDI-115,Colomos Distribucion
03CDM-115,Conductores Monterrey
03CDR-115,Castro del Rio
03CDT-115,Conductel
03CEE-115,Creel
03CEY-115,Celaya Tres
03CGM-115,CD Guzman
03CGS-115,Cieneguillas
03CHA-69,Chapala
03CHC-69,Cerro Hueco
03CHI-115,Chipilo
03CHK-115,Charkas
03CHN-115,Charapan
03CHT-115,Cihuatlan
03CHY-115,Coahuayana
03CIA-115,Capilla
03CIF-115,Cifunsa del Bajio
03CIG-69,Cigatam
03CIM-115,Cimatorio
03CJN-400,El Cajon
03CLA-115,Cocula
03CLF-115,La California
03CLJ-115,Centro Logistico Jalisco
03CLL-69,Colimilla
03CLN-230,Colon
03CLP-115,Celaya Poniente
03CLY-115,Celaya
03CME-115,Celanese Mexicana Mich
03CMF-115,Minera Fresnillo
03CML-115,Chamela
03CMN-115,Coalcoman
03CMP-115,Compostela
03CMS-115,Crisoba industrial
03CMX-230,Cementos Mexicanos
03CMX-69,Cementos Mexicanos
03CMZ-115,Cementos Moctezuma
03CNL-115,Mina el Coronel
03CNO-115,Colima Norte
03CNS-69,Productos Farmaceuticos Collins
03COC-69,Corporacion de Occidente
03COI-115,Colinas
03COK-115,Coca Cola
03CON-115,Colima Norte
03COO-115,Coroneo
03CPE-115,Campestre
03CPI-115,Chapalilla
03CPO-115,Cupro
03CPT-161,Cupatitzio
03CRD-115,Carapan Distribucion
03CRN-115,Corona
03CRP-115,Carapan Potencia
03CRZ-115,Churintzio
03CSF-115,Cummins Grupo Industrial
03CST-69,Castillo
03CTA-69,Catarina
03CTI-115,Conticon
03CTJ-115,Cotija
03CTZ-115,Cuitzeo
03CUB-115,Cumbres
03CUE-115,Cueramaro
03CUV-115,La Cueva
03CVO-115,Calvillo
03CYA-115,Celaya Dos
03CYI-115,Celaya Industrial
03CYS-115,Celaya Sur
03CZA-230,Cruz Azul
03CZO-115,Cuitzeo
03CZR-115,Cortazar
03CZS-115,Cuitzillos
03DAM-115,Danisco
03DEA-230,DeAcero
03DEN-115,Denso
03DEO-115,De Acero
03DHD-115,Dolores Hidalgo
03DIC-115,Dicumsa
03DLC-115,Delco Remy
03DLT-115,Dal Tile
03DNN-115,Danone de Mexico
03DSC-69,Descansadero
03DST-115,Destiladeras
03DTX-115,Distex
03DXM-115,Draexlmaier Components Automotive
03EAT-115,Eaton Truck Componentes
03ECO-115,Estadio Corregidora
03EDA-115,Estancia Animas
03EDO-69,Edosa
03EFF-115,Effem
03EGJ-115,El Granjeno
03ELA-115,La Estrella
03ELE-115,Industria Quimica de Mexico
03ELR-115,El Realito
03ELT-69,Tala Electric
03EME-115,Empalme Escobedo
03EMM-115,Emman
03EMP-69,Empaques Modernos
03ENC-115,Encarnacion de Diaz
03ENV-69,Envases Innovativos
03ESJ-69,El Salto Jalisco
03ESO-115,El Sol
03ETA-115,Estancita
03EVI-400,Vientos del Altiplano
03EVS-69,Envases Universales
03EXP-69,La Experiencia
03EYT-115,Envases y Tapas
03EZM-115,Ezequiel Montes
03FAJ-115,Las Fajas
03FDP-115,Fondeport
03FER-69,Fertimex
03FLA-115,Flamingos
03FLU-115,Fluvial
03FNO-115,Fresnillo Sur
03FRA-115,La Fragua
03FRE-69,Fresno
03FRI-115,Fresnillo Industrial
03FRJ-115,Forjas
03FRN-115,Fresnillo Norte
03FSM-115,Fipe San Miguel
03FVS-115,Fevisa Industrial
03GAS-115,Grupo Acerero
03GAT-69,Gatorade
03GDL-115,Guadalcazar
03GDO-69,Guadalajara Oriente
03GDU-230,Guadalajara Uno
03GDU-69,Guadalajara Uno
03GJA-115,Gran Jardin
03GKN-115,MGK Autopartes
03GMC-115,General Motors Company
03GOP-115,Gomez Portugal
03GOS-69,Gosa
03GPE-115,Guadalupe
03GRH-115,Graham Packaging Plastic Products
03GRI-115,La Griega
03GRP1115,Guarapo
03GRP2115,G.Tigre
03GRU-115,El Grullo
03GSO-115,Gusacaro
03GSU-115,Guanajuato Sur
03GTO-115,Guanajuato
03GUD-161,Guadalajara Dos
03GUD-69,Guadalajara Dos
03GUI-230,Guadalajara Industrial
03GUN-230,Guadalajara Norte
03GUN-69,Guadalajara Norte
03GVA-115,Guevara
03GYS-115,Guayabitos
03HCH-115,Huichapan
03HDA-115,Hacienda
03HDZ-115,Los Hernandez
03HEM-115,Henkel Capital
03HER-115,Herdez
03HIG-69,Huguerillas
03HIT-115,Hitchiner Manufacturas
03HMA-115,Huntsman
03HND-115,Honda
03HNM-115,Huanimaro
03HNV-115,Hacienda Nueva
03HOL-115,New Holland
03HON-69,Honda
03HTA-115,Hidroelectrica Tacotan
03HUC-69,Huacana
03HUM-115,Humedades
03HUN-69,Huentitan
03HYL-69,Hilasal
03IBM-69,IBM
03ICB-115,Industrial Central Bajio
03ICL-115,Industrial Colinas de Leon
03IMM-115,Immsa
03IMP-115,Impamex
03INE-115,Independencia
03ING-69,Inguaran
03INN-115,Inopack
03INP-69,Petroquimica
03INV-115,Indorama Ventures Polymers Mexico
03IPP-115,Irapuato Poniente
03IRA-115,Irapuato Dos
03IRI-115,Irapuato Industrial
03IRP-115,Irapuato
03IRV-115,Irapuato Villas
03ISF-115,Industrial San Francisco
03ITA-115,Italaise
03ITL-115,Ixtlan
03JAP-115,Jalpa
03JAT-115,Jatco Mexico
03JBL-69,Jabil
03JCN-115,Jacona
03JCR-115,Julian Carrillo
03JCT-69,Jocotepec
03JDA-115,Jarretaderas
03JDL-115,San Juan de los Lagos
03JDP-115,Jaral del Progreso
03JEM-115,Jesus del Monte
03JIQ-115,Jiquilpan
03JLT-115,Jalostotitlan
03JMA-115,Jesus Maria
03JOG-115,San Jose de Gracia
03JRU-115,Juan Rulfo
03JRZ-115,Jerez
03JTC-115,Jatco
03JUR-115,Jurica
03JYU-115,Joyuelas
03KAL-115,Manufacturas Kaltex
03KDA-230,Cañada
03KDK-69,Kodak
03KEL-115,Kellogs de Mexico
03KIM-115,Kimberly Clark de Mexico
03KIT-115,Kitagawa de Mexico
03KRP-115,Krupp
03LAE-115,La Esperanza
03LAG-115,Lagunillas
03LAL-115,La Loma
03LAM-115,Lamosa
03LAS-115,Laguna Seca
03LCN-115,Las Colinas
03LDE-230,Las Delicias
03LEC-69,Lechera GDL
03LGG-115,Lagos Galera
03LGL-115,Laguna Larga
03LGS-115,Lagos de Moreno
03LHT-115,La Huerta
03LJY-115,La Joya
03LLM-115,La Loma
03LMB-69,Lombardia
03LMY-115,Luis Moya
03LNA-115,Leon Alfaro
03LNM-115,Leon Centro
03LNN-115,Leon Norte
03LNO-115,Leon Oriente
03LNP-115,Leon Poniente
03LNU-115,Leon uno
03LOG-115,Logistik
03LOR-115,Loreto
03LPI-115,La Piedad
03LPL-115,Lampotal
03LPM-115,Lapem
03LPP-115,La Piedad Poniente
03LPS-69,Las Pintas
03LRE-115,La resolana
03LSA-115,Los Sauces
03LSV-230,Laguna San Vicente
03LTI-115,Latincasa
03LTL-115,Las Torres
03LVG-69,La Vega
03LVR-115,La Virgen
03LVT-69,La Venta
03LYE-400,La Yesca
03MAB1115,Mabe
03MAB2115,Mabe-Sanyo
03MAH-115,Mahle Comp Motor Mex
03MAL-115,San Miguel Allende
03MAV-115,Maravatio
03MAZ-115,Mazda
03MBE-115,Mabe Mexico
03MBL-115,Mabe Leiser
03MBM-230,Maniobras BMW
03MCH-115,Mars Chocolates
03MCH-69,Mexichem
03MDM-115,Moto Diesel Mexicana
03MEL-115,Morelos
03MGM-230,Maniobras GM
03MGT-115,Mbras. Getrag
03MGU-115,Miguel Auza
03MHI-115,Mission Hill
03MHR-115,Matehuala Sur
03MHS-115,Matehuala Subestacion
03MIB-115,Maniobras Iberdrola
03MIC-115,Michelin
03MIG-115,San Miguel
03MIL-69,Miravalle
03MIN-69,Minsa
03MKI-115,Maniobras Kasai
03MLE-115,Muelle
03MLO-115,Moroleon
03MLP-115,Mina la Paz
03MLQ-115,Melaque
03MLS-115,Malla San 2
03MMH-115,Michelín Maniobras
03MNC-115,Monarca
03MNR-230,Minera Mexico
03MNS-115,La Mansion
03MNT-115,La Minita
03MNZ-230,Manzanillo
03MNZ-400,Manzanillo
03MOD-69,Cervecera Modelo GDL
03MOI-115,Morelia Industrial
03MOJ-69,Mojonera
03MOR-115,Morelia Norte
03MPO-115,Malpaso Subestacion
03MPQ-115,Microparque
03MQO-115,El Marquez Oriente
03MRA1115,La Mora
03MRA2115,Mina Real de Angeles
03MRB-115,Marabis
03MRD-115,Morelia Dos
03MRE-115,Morelos
03MRM-115,Miramar
03MRQ-115,El Marquez
03MRR-115,Mirador
03MRS-115,Las Margaritas
03MSJ-115,Minera San Xavier
03MST-115,Minera Saucito
03MTC-115,Minatitlan Colima
03MTE-115,Moralete
03MTL-115,Metalsa
03MTO-115,Minera las Torres
03MXJ-69,Mexico
03MXT-115,Mexticacan
03MYO-115,Cinco de Mayo
03MZI-115,Mezquitan
03MZM-115,Moctezuma
03NGA-115,Nogales
03NGT-115,Nogalito
03NHE-230,Niños Heroes
03NKA-69,Niproka
03NSS-115,Nissan
03NST-115,Nestle
03NTA-115,Antea
03NTP-115,Nitropiso
03NVI-69,Nueva Italia
03OBL-69,Oblatos
03OCL-115,Ojo Caliente
03OCN-115,Ocotlan
03OJO-115,Ojo Seco
03OJU-115,Ojuelos
03OMG-115,Omega
03PAB-115,Pabellon
03PAD-115,Pradera
03PAL-115,Peletizadora Alzada
03PAO-115,Palo Alto
03PAP1115,Parque Piel
03PAP2115,FAbricas de Papel Potosi
03PBN-115,Periban
03PCS-115,Patzcuaro sur
03PDG-115,Pedregal
03PDR-115,San Pedro
03PEC-115,Peña Colorada
03PEM-115,Pemsa
03PEN1115,Peñuelas
03PEN2115,Peñas
03PER-115,Performans
03PFN-115,Panfilo Natera
03PGM-115,Procter & Gamble Maniobras
03PGN-69,Puente Grande
03PIR-115,Pirelli
03PIZ-115,Pinzandaro
03PMX-115,Pemex Refineria Subdireccion de Produccion
03PMY-400,Primero de Mayo
03PNC-115,Poncitlan
03PNJ-115,Penjamo
03PNL-69,Penal
03PNO-115,Mina Peñoles
03PNQ-400,Peñasquito
03PNR-69,Pinar
03PNS-115,Peñasco
03PNV-115,Pueblo Nuevo
03POD-115,Paracho Dos
03POL-115,Polivin
03POL-69,Polesa
03PON-115,Cartones Ponderosa
03POR-115,Porcelanite Lamosa
03POT-115,Proteino
03PPG-115,Pinturas Pittsburg
03PQI-69,Parque Industrial
03PRL-115,El Pardillo
03PRO-115,Pronal
03PRP-115,Purepero
03PRT-115,Protel & Gamble
03PTD-69,Puente Grande Dos
03PTE-69,Parque de Tecnologia Electrica
03PTI-115,Puerto Interior
03PTL-115,Pitillal
03PTN-115,Patzcuaro Norte
03PUR-115,Puruandiro
03PUU-69,Puruaran
03QMR-115,Queretaro Maniobras
03QPE-115,Queretaro Poniente
03QRE-115,Queretaro Oriente
03QRI-115,Queretaro Industrial
03QRN-115,Queretaro Norte
03QRO-115,Queretaro
03QRP-115,Queretaro Potencia
03QRS-115,Queretaro Sur
03RAE-69,Renova Atlatec S.A. de C.V.
03RAG-115,Rancho Gande
03RGR-115,Rio Grande
03RIG-115,Rio Grande Dos
03RPI-115,Colinas del Rincon Parque Industrial
03RTA-115,Romita
03RXM-115,Rexam Beverage Can Am
03RYM-115,Reyma
03RYS-115,Los Reyes
03SAC-69,Sach
03SAG-69,San Agustin
03SAJ-69,San Jorge
03SAM-115,Samsug Elec Dig Ap
03SAN-115,San Antonio
03SAP-115,San Luis de la Paz
03SAT-115,Satelite
03SAU-230,El Sauz
03SCA-115,San Carlos
03SCC-115,Subestacion Cuahutemoc
03SCG-230,Salamanca Cogeneraciòn
03SCH-69,Siapa Chapala
03SCI-69,Sanmina
03SCJ-115,Servicios el Cajon
03SCM-115,San Clemente
03SCM-69,San Clemente
03SCR-69,Sci Ref
03SCU-69,Santa Cruz
03SCZ-115,Santa Cruz
03SDD-115,La Soledad
03SDP-115,San Diego Penuelos
03SEA-115,Servicios Aguamilpa
03SEI-115,Satelite
03SEL-115,Compañia SEL
03SFC-115,Mina Santa Francisca
03SFD-115,Santa Fe Dos
03SFL-115,San Felipe
03SFQ-115,San Francisco del Rincon
03SFR-115,San Francisco de los Romos
03SFS-115,San Idelfonso
03SGB-115,Saint Gobian
03SGS-115,Soledad de Graciano Sanchez
03SHU-115,Schulman de Mexico
03SHY-115,Sahuayo
03SIB-230,Siderurgica del Bajio
03SIE-69,Siemens
03SIL-115,Silao
03SIS-69,Sistemas Juarez
03SJE-115,San Jeronimo
03SJI-115,San Jose Iturbide
03SJM-115,San Juan Maniobras
03SJO-115,San Juan del Rio Oriente
03SJR-115,San Juan del Rio
03SJZ-115,San Juan Zitacuaro
03SLH-115,Salahua
03SLI-115,San Luis Industrial
03SLM-115,Salamanca
03SLM-230,Salamanca
03SLN-115,Salamanca Norte
03SLO-115,San Luis Oriente
03SLP-115,San Luis Potosi
03SLP-230,San Luis Potosi
03SLT-69,Flextronics Technologies
03SLW-115,San Luis Potosi Poniente
03SLY-115,Subestacion La Yesca
03SMF-115,San Luis Metal Forming
03SMR-230,San Martin
03SMS-115,San Miguel Allende Sur
03SNA-115,Salinas
03SND-115,Sendai
03SNE-115,San Luis Noreste
03SNG-115,Subestacion Santiago
03SNI-115,Santiago
03SNM-115,Santa Maria
03SOL-69,El Sol
03SPA-115,San Luis de la Paz Dos
03SPA-230,San Luis de la Paz Dos
03SPB-69,Siapa Toluquilla
03SPL-115,Sapal
03SPO-115,Salamanca Poniente
03SPR-115,San Luis Progreao
03SPT-115,San Luis Potosi Tres
03SRM-115,San Rafael Maniobras
03SRO-69,Santa Rosa
03SRQ-115,San Roque
03SSU-115,Salamanca Sur
03STE-115,El Salitre
03STF-115,Santa Fe
03STG-115,Santiaguito
03STI-115,Subestacion Tingambato
03STO-69,Siapa PB-2
03SUN-115,Santiago Undameo
03SVT-115,Salvatierra
03SYL-115,Sayula
03TAG-115,Tecnologico Aguascalientes
03TAH-115,Tanhuato
03TAP-115,Tapeixtles
03TAR-69,Taretan
03TAY-115,El Taray
03TAZ-115,Tamazula
03TBK-115,Tabacalera
03TCN-115,El Tecuan
03TCS-115,Tecomates
03TCT-115,Tecate
03TCZ-115,Tecozautla
03TDC-115,Tarandacuao
03TEC-115,Tecoman
03TEL-115,Tecuala
03TEN-115,Tres Naciones
03TEO-115,Teocaltiche
03TEQ-115,Tequisquiapan 1
03TER-115,Termofil
03TES-115,Tepic Uno
03TGM-115,Terminal de Gas Manzanillo
03TGO-115,Tepetongo
03TGR-115,Tangancicuaro
03TGS-115,Triguillos
03TID-115,Tepic Industrial
03TIS-115,Tisamatic
03TIT-69,Atenquique
03TJD-115,Tejada
03TLA-69,Tala
03TLO-115,Tlaltenango
03TMG-115,Subestacion Tangamanga
03TMI-115,Tamarindos
03TMY-115,Tecomyca
03TNI-69,Technicolor mexicana
03TOA-115,Tecolapa
03TOO-115,El Toro
03TPA-69,Talpa
03TPD-115,Tepalcatepec Dos
03TPT-115,Tepatitlan
03TPY-115,Tepeyac
03TQA-69,Tequila
03TQT-115,Tanque Tenorio Degremont
03TRB-115,Tarimbaro
03TRJ-115,Trejo
03TSM-115,Tres Marias
03TSN-69,Tesistan
03TTO-115,Tototlan
03TTR-115,Triara Tres
03TUX-115,Tuxpan
03TUZ-230,La Tuzania
03TXP-115,Tuxpan
03TXS-115,Texas Intruments
03TYA-115,Tacubaya
03UAG-69,Univ Autonoma de Guad
03UPT-115,Uruapan Tres
03URG-115,Uriangato
03USM-115,USM de Mexico
03UVM-69,Universidad del Valle de Mexico
03UVX-115,Univex
03VAR-115,Valle Arista
03VAS-115,Valle de Santiago
03VAT1115,Valeo Termico
03VAT2115,Valle de Tecoman
03VAV-115,Valle Verde
03VCS-69,Volcanes
03VDA-115,Villa De Alvarez
03VDL-115,Valle de las Delicias
03VDR-115,Villa de Reyes
03VDR-230,Villa de Reyes
03VEL-115,Verl-Polr
03VGP-115,Valle de Guadalupe
03VHO-115,Villa Hidalgo
03VID-69,Vidriera Guadalajara
03VIG-115,Villagran
03VIH-115,Vistahermosa
03VIJ-115,Villa Jimenez
03VIZ-115,Vizarron
03VJU-115,Villa Juarez
03VLT-115,La Ventanilla
03VNC-115,Venustiano Carranza
03VPS-115,Valparaiso
03VQM-230,Vaquerias Maniobras
03VRA-115,Vidriera
03VRR-115,Vidriera
03VRS-115,Varas
03VRT1115,Vitromex
03VRT2115,Vallarta
03VT2-115,Vitromex
03VTC-115,Veratec
03VTM-115,Vitromex
03VTS-115,Valeo Sistemas Electricos
03VWS-115,VW Silao
03VYN-115,Vynmsa
03XLS-115,Xalisco
03YUR-115,Yurecuaro
03ZAD-115,Zapotlanejo Distribucion
03ZAG-115,Zaragoza
03ZAL-69,Zoltec de Mexico
03ZCP-115,Zacapu Dos
03ZCS-115,Zacatecas Sur
03ZCT-115,Zacatecas
03ZID-115,Zinaparo Dos
03ZIM-115,Zimapan
03ZIN-115,Zinapecuaro
03ZIT-115,Zitacuaro
03ZLT-69,Zalatitan
03ZMA-115,Zamora
03ZMN-115,Zimapan
03ZMN-230,Zimapan
03ZMP-69,Zumpimito
03ZPA-230,Zapopan
03ZQP-69,Zoquipan
03ZRP-115,Zamora Potencia
03ZTD-115,Zitacuaro Dos
03ZTI-115,Zapotiltic
04AAM-115,Alamos
04ACU-115,Acuicola
04AGD-230,Aguaprieta II
04AGI-115,Agua Prieta
04AGS-115,Agricola Sonoyta
04AHO-115,Ahome
04ALT-115,Altar
04ANT-115,Antimonio
04ASE-115,Arroyo Seco
04BCH-115,Bachigualato
04BGT-115,Bagotes
04BMO-115,Bamoa
04BND-115,Banderas
04BNV-230,Buenavista
04BRT-115,Bacurato
04BZI-115,Bizani
04CAJ-115,Cajeme
04CBA-115,Caborca
04CCA-115,Cerro Cañedo
04CCC-115,Culiacan Centro
04CCI-115,Cocori
04CDP-115,Cruz de Piedra
04CLA-115,Centinela
04CLI-115,Libramiento
04CMI-115,Culiacan Millenium
04CMR-115,Comedero
04CNT-115,Centenario
04COC-115,Ciudad Obregon Cuatro
04COD-115,Ciudad Obregon Dos
04COR-115,Corona
04COT-115,Ciudad Obregon Tres
04CRD-115,Cardonal
04CRZ-115,Carrizo
04CSA-115,Costa Rica
04CUC-115,Culiacan Cuatro
04CUD-115,Culiacan Dos
04CUI-115,Culiacan Cinco
04CUN-115,Culiacan Norte
04CUO-115,Culiacan Oriente
04CUS-115,Culiacan Sur
04CUT-115,Culiacan Tres
04CUU-115,Culiacan Uno
04DER-115,Derivacion
04DMA-115,Subestacion del Mar
04DSE-115,El Deseo
04DYN-115,Dynatec
04ECC-230,Empalme Ciclo Combinado
04EDR-115,El Dorado
04EFR-230,El Fresnal
04EFU-115,El Fuerte
04EPA-115,Escuinapa
04EPM-115,Empalme
04ETO-115,Estacion Torres
04FMA-115,Fatima
04FUC-115,Fundicion
04GML-115,Guamuchil
04GSV-115,Guasave
04GYC-230,Guaymas Cerezo
04HAE-230,Hermosillo Aeropuerto
04HBL-115,Habal el
04HCE-115,Hermosillo Cereso
04HDS-115,Hierro de Sonora
04HLC-115,Hermosillo Cuatro
04HLD-115,Hermosillo Dos
04HLE-115,Hermosillo Siete
04HLI-115,Hermosillo Cinco
04HLI-230,Hermosillo Cinco
04HLN-115,Hermosillo Nueve
04HLO-115,Hermosillo Ocho
04HLS-115,Hermosillo Seis
04HLT-115,Hermosillo Tres
04HLU-115,Hermosillo Uno
04HMA-115,La Manga
04HMI-115,Hermosillo Mision
04HPO-115,Huatabampo
04HRS-115,Hornillos
04HTS-230,Huites
04HVF-115,Hernando de Villafañe
04HYA-115,Humaya
04ICA-115,Industrial Caborca
04IMR-115,Imuris
04ISC-115,Industrial San Carlos
04ISM-115,Isla Musala
04JAE-115,Jose angel Espinoza
04JJR-115,Juan Jose Rios
04JSP-115,Jaime Sevilla Poyastro
04LAD-115,Ladrillera
04LCF-230,La Caridad Fundicion
04LCH-115,La Choya
04LDO-115,Luis Donaldo Colosio
04LLB-115,Llano Blanco
04LMA-115,La Misa
04LMC-115,Los Mochis Colinas
04LMD-115,Los Mochis Dos
04LMI-115,Los Mochis Industrial
04LMT-115,Los Mochis Tres
04LMU-115,Los Mochis Uno
04LPN-115,La Pinta
04LVS-115,Leyva Solano
04MAC-115,Mazatlan Centro
04MAE-115,Mazatlan Aeropuerto
04MAP-115,Maniobras Apasco
04MCE-115,Mochis Centro
04MCM-115,Mina Cobre del Mayo
04MFN-115,Maniobras Fresnillo
04MLA-115,Morelos La Atravezada
04MLV-115,Mochis las Villas
04MRI-115,Mocuzari
04MRN-115,Mazatlan Marina
04MTE-115,Mazatlan Tecnologico
04MZD-115,Mazatlan Dos
04MZD-230,Mazatlan Dos
04MZN-115,Mazatlan Norte
04MZO-115,Mazaztlan Oriente
04MZU-115,Mazatlan Uno
04NGN-115,Nogales Norte
04NGS-115,Nogales
04NNG-115,Nuevo Nogales
04NNR-115,Nainari
04NPO-115,Nuevo Progreso
04NRI-230,Nacozari
04NTO-115,Navolato
04NVI-115,Navojoa Industrial
04NVJ-115,Navojoa
04NVL-115,Novillo
04NVN-115,Navojoa Norte
04NVO-115,Navojoa Oriente
04OAS-115,Oasis
04OBS-230,Observatorio
04OBU-115,Obregon Uno
04OCU-115,Ocuca
04ORI-115,Oriente
04OVI-115,Oviachic
04PGD-115,Planta Guaymas Dos
04PGD-230,Planta Guaymas Dos
04PIH-115,Parque Industrial Hermosillo
04PLD-230,Puerto Libertad
04PPA-115,Puerto Penasco
04PRG-115,Progreso
04PRO-115,Providencia
04PUE-115,Pueblitos
04PUP-115,Pueblitos Provisional
04PYE-115,Playa Encanto
04QLA-115,Quila
04RGU-115,Rolando Garcia Urrea
04RIS-115,Rio Sonora
04ROS-115,Rosario
04SAA-115,Salvador Alvarado
04SBC-115,Subestacion 4 Costa Hermosillo
04SBD-115,Subestacion 2 Costa Hermosillo
04SBE-115,Subestacion 7 Costa Hermosillo
04SBI-115,Subestacion 5 Costa Hermosillo
04SBK-115,Bahia Kino
04SBN-115,Subestacion 9 Costa Hermosillo
04SBO-115,Subestacion 8 Costa Hermosillo
04SBS-115,Subestacion 6 Costa Hermosillo
04SBT-115,Subestacion 3 Costa Hermosillo
04SBU-115,Subestacion 1 Costa Hermosillo
04SBZ-115,Subestacion 10 Costa Hermosillo
04SCL-115,Subestacion colinas
04SCN-115,Subestacion Cananea
04SCN-230,Subestacion Cananea
04SCR-115,San Carlos
04SEL-115,Selecta
04SGU-115,Subestacion Guaymas Uno
04SHO-115,Sahuaro
04SLA-115,Sanalona
04SNC-115,San Nicolas
04SNY-115,Sonoyta
04SPE-115,Pericos
04SPP-115,Punto P
04SRF-115,San Rafael
04SSA-115,Seis de Abril
04STA-115,Santa Ana
04STI-115,Santa Ines
04SVU-115,Villa Union
04SVV-115,Siempre Viva
04TBR-115,Tobarito
04TCG-115,Tecnologico
04TPO-115,Topolobampo
04TPO-230,Topolobampo
04TSR-115,Subestacion Tres Rios
04TST-115,Tastiota
04TTB-115,Tetabiate
04URE-115,Ures
04VCM-115,Vicam
04VDY-115,Valle del Yaqui
04VIJ-115,Villa Juarez
04VMY-115,Valle del Mayo
04VND-115,Venadillo
04VNO-115,Viñedos
04VPI-115,Villa del Pitic
04VYD-115,Valle del Yaqui Dos
05ABA-115,Abastos
05ABG-115,Abraham Gonzalez
05ADI-115,Arcadio
05AEP-115,Aeropuerto
05AGE-115,Agnico Eagle
05ALI-115,Automotive Lighting
05ALL-115,Allende Coahuila
05ALT-115,Altec
05ALV-115,Altavista
05AMA-115,Aldama
05AMN-115,Amado Nervo
05AMR-115,Americas
05AMS-115,Alamos
05AON-115,Ascencion
05ARE-115,Arenales
05ARM-115,Armendariz
05AUM-115,Auma
05AVO-115,Alvaro Obregon
05AZT-115,Aztecas
05BAC-115,Bacis
05BAF-115,Bafar
05BAS-115,Basaseachic
05BAT-115,Batopilas
05BBA-115,Santa Barbara
05BER-115,Bermejillo
05BJZ-115,Benito Juarez
05BLV-115,Simon Bolivar
05BOQ-115,Boquilla
05BSM-115,Bismark
05BUF-115,Bufalo
05CAR-115,Cartagena
05CAS-115,Carolinas
05CAT-115,Catedral
05CCD-115,Concordia
05CCU-115,Cementos Chihuahua
05CDM-115,Cerro del Mercado
05CEB-115,Ceballos
05CEJ-115,Cereso Juarez
05CEM-115,Cementos
05CFN-115,California
05CGD-115,Camargo Dos
05CGR-115,Casas Grandes
05CGU-115,Camargo Uno
05CHA-115,Charcos
05CHC-115,Cuauhtemoc
05CHD-115,Cuauhtemoc Dos
05CHL-115,Chipilo
05CID-115,Cienega Dos
05CIE-115,Cienegas
05CIN-115,Complejo Industrial
05CJM-115,Conejos Medanos
05CLA-115,Complejo Lala
05CLG-115,Colegio
05CLI-115,Centro Logistico e Industrial de Durango
05CLN-115,Colina Planta
05CME1115,Cerro del Mercado
05CME2115,Cuadro de Maniobras Electrolux
05CMF-115,Cuadro De Manionbras Foxconn
05CMN-115,Cuadro de Maniobras Naica
05CMS-115,Cementos Samalayuca
05CND-115,Canatlan Dos
05COM-115,Componentes
05CON-115,Concheño
05CPN-115,Chihuahua Poniente
05CRC-115,Carichic
05CRL-115,Creel
05CRN-115,Coronel
05CSG-115,Complejo De Seguridad
05CUA-115,Las Cuatas
05CUE-115,Cuesta
05CUN-115,Chihuahua Norte
05CUP-115,Chihuahua Planta
05CVA-115,Chavena
05CZL-115,Chamizal
05CZU-115,Chavez
05DEL-115,Delicias
05DGD-115,Durango Dos
05DGN-115,Diagonal
05DGU-115,Durango Uno
05DIN-115,Dinamita
05DIV-115,Divisadero
05DLD-115,Delicias Dos
05DLP-115,Delphi
05DPH-115,Delphi
05DUN-115,Dunas
05DUR-115,Duraplay
05EDU-115,Escuadron 201
05ELP-115,El Pilar
05ELV-115,El Vergel
05END-230,Encino Dos
05ENO-230,Encino
05ESC-115,Escalon
05ESL-115,El Salto
05ESZ-115,El Sauz
05EZT-115,Emiliano Zapata
05FLE-115,Flextronics
05FMR-115,Fuentes Mares
05FPD-115,Ford Planta Dos
05FRC-115,Francke
05FRD-115,Ford
05FTS-115,Fuentes
05FVL-115,Francisco Villa
05FVL-230,Francisco Villa
05FXD-115,Foxconn Dos
05FZA-115,Francisco Zarco
05GAV-115,Gavilan
05GCH-115,Guachochi
05GDN-115,Guadiana
05GEM-115,Geminis
05GJO-115,Granjeros
05GML-115,Gammon Lake
05GNA-115,Galeana
05GPL-115,Gomez Palacio
05GPL-230,Gomez Palacio
05GTR-115,General Trias
05GVI-115,Guanacevi
05GVR-115,Guadalupe Victoria
05HCL-230,Hercules
05HDS-115,Haciendas
05HNW-115,Honeywell
05IGS-115,Insurgentes
05INJ-115,Industrial Juarez
05INO-115,Parque Industrial del Norte
05INS-115,Intermex Sur
05INW-115,International Wire
05ISD-115,Industrias Superior II
05ISP-115,Industrias Superior
05ITC-115,Interceramic
05JAB-115,Jabil
05JAR-115,Jardin
05JEZ-115,Jimenez
05JND-115,John Deere
05JOS-115,Janos
05KOO-115,Kilometro 88
05LAF-115,La Flor
05LAG-115,Lagos
05LAL-115,Lala
05LAP-115,La Palma
05LCS-115,Lazaro Cardenas
05LED-230,Lerdo
05LEN-230,Laguna Encinillas
05LEO-115,Leoni Cable
05LEX-115,Lexmark
05LGA-115,La Laguna
05LGD-115,Laguna Dos
05LGM-115,Leon Guzman
05LJT-115,Lajat
05LPA-115,La Parrilla
05LPL-115,La Perla
05LRE-115,Laguna Del Rey
05LRT-115,La Rosita
05LSA-115,La Salada
05LSC-115,Laguna Seca
05LTD-115,Libertad
05LTR-230,La Trinidad
05LXD-115,Lexmark Dos
05LZM-115,Lopez Mateos
05MAC-115,Maniobras Centauro
05MAT-115,Matamoros
05MAU-115,Minera Autlan
05MAY-115,Mayran
05MBA-115,Manitoba
05MCO-115,Maniobras Ciento Ocho
05MCZ-115,Moctezuma
05MDO-115,Madero
05MDT-115,Mina Del Toro
05MED-115,Medanos
05MEN-115,Menonita
05MIR-115,Miravalle
05MMI-115,Maniobras Mieleras
05MOQ-115,Meoqui
05MRO-115,Minera Roble
05MRT-115,San Martin
05MSS-115,Masisa
05MTR-115,Motorola
05MTV-115,Monteverde
05MVI-400,Cuadro de Maniobras Villa Nueva
05NAI-115,Naica
05NCB-115,Nicolas Bravo
05NDD-115,Nombre de Dios
05NHO-115,Nuevo Holanda
05NID-115,Nuevo Ideal
05OAS-115,Oasis
05OCP-115,Ocampo
05OJI-115,Ojinaga
05OTV-115,Oriente XXI
05PAL-115,Palmarejo
05PAR-115,Parral
05PAT-115,Patria
05PCH-115,Papelera de Chihuahua
05PDA-115,Pedricena
05PEL-230,Penoles
05PHS-115,Philips
05PLA-115,Paila
05PMR-115,Palomar
05PMS-115,Palomas
05PPR-115,Popular
05PPS-115,Paneles Ponderosa
05PQE-115,Parque
05PRA-115,Parras
05PRR-115,Porvenir
05PSA-115,Paso Del Aguila
05PTJ-115,Puerto Justo
05QDO-115,Quince de Octubre
05RCS-115,Ruiz Cortines
05REM-115,Regio Marmol
05RIF-115,Rio Florido
05RLU-115,Rancho Lucero
05RNN-115,Robinson
05ROB-115,Robert Bosch
05RVA-115,Rivereña
05SAB-115,Sabinas
05SAJ-115,San Julian
05SAU-115,Saucito
05SBV-115,San Buenaventura
05SCT-115,Sacramento
05SFB-115,San Francisco De Borja
05SFO-115,San Francisco Del Oro
05SGP-115,Santiago Papasquiaro
05SGU-115,Santiago Uno
05SID-115,San Isidro
05SIG-115,San Ignacio
05SJE-115,San Jeronimo
05SMO-115,Santa Maria del Oro
05SOM-115,Sombrerete
05SPD-115,San Pedro
05SSM-115,Santos Solar Maniobras
05SVC-115,Salvacar
05SYC-230,Samalayuca Planta
05SYD-230,Samalayuca dos
05TAK-115,Takata
05TBL-115,Tabalaopa
05TEC-115,Tecnologico
05THS-115,Tres Hermanos
05TMA-115,Tres Manantiales
05TOR-115,Torres
05TOT-115,Torreon Oriente
05TRR-115,Torreon
05VAE-115,Valle Verde
05VAH-115,Villa Ahumada
05VEZ-115,Valle La Esperanza
05VGR-115,Vicente Guerrero
05VIT-115,Vitromex
05VIU-115,Verde Independencia Uno
05VSM-115,Vado Santa Maria
05VTL-115,Victaulic
05WER-115,Werner
05WRA-115,Wrangler
05YMO-115,Yermo
05ZZA-115,Zaragoza
06AAT-115,Santa Amalia Tamaulipas
06ABR-115,Abra
06ACD-138,Acuña Dos
06ACM-115,Alcali Maniobras
06ADC-138,Arroyo del Coyote
06AEO-115,Acero
06AER-138,Aeropuerto
06AGN-115,Agua Nueva
06AHM-400,Ahmsa
06ALM-115,Alamo
06ALN-115,Allende
06ALP-115,Alpes
06ALT-230,Altamira
06ALT-400,Altamira
06AME-115,Americas
06AMI-138,Amistad
06ANP-115,Anahuac Potencia
06ANZ-138,Anzalduas
06APC-230,Apasco
06APO-115,Apodaca
06APX-115,Atlapexco
06ARV-115,Arcovial
06ATP-230,Anahuac Tamaulipas Potencia
06ATP-400,Anahuac Tamaulipas Potencia
06AUA-138,Acuna
06AUS-115,San Agustin
06AZN-138,Aztlan
06AZT-115,Aztecas
06BAD-138,Black and Decker
06BER-115,San Bernabe
06BET-115,Barretal
06BIC-115,Bicentenario
06BLH-115,Black Hawk
06BRE-115,Brembo
06BRI-115,Las Brisas
06CAM-138,Camargo
06CAP-115,Capellania
06CAT-115,Santa Catarina
06CBD-400,Carbon Dos
06CBO-115,Cumbre Oriente
06CCL-115,El Cuchillo
06CDU-400,Central Dulces Nombres
06CED-230,Cedros
06CEL-115,Celulosa
06CEM-115,Cementos Mexicanos
06CEN-138,Central
06CER-115,Cerralvo
06CFD-115,Cienega de Flores Dos
06CHR-115,Chairel
06CIB-115,Cibiosa
06CID-138,Ciudad Industrial
06CIM-138,CIMA
06CIS-115,Carplastic
06CMN-115,Cumbres Poniente
06CNY-115,Contry
06CPR-138,Campestre
06CRO-138,Corona CFE
06CUF-230,Cumbres Frontera
06CYC-115,Chrysler Planta Camiones
06DNA-115,Dinastia
06DNS-138,Delnosa
06DON-115,Santo Domingo
06DTL-115,Dal Tile
06DUT-115,Dupont
06EAP-138,Eagle Pass
06EBA-115,Ebanos
06ECN-115,El Canada
06EHN-230,Entronque Hylsa Norte
06ESC-115,Escobedo
06ESC-230,Escobedo
06ESC-400,Escobedo
06EST-115,Parque Industrial Estrella
06ETK-115,Enertek
06ETZ-115,Estanzuela
06FAM-138,Falcon Mexicano
06FAR-115,Faro
06FIG-115,Finsa Guadalupe
06FIS-115,Finsa
06FME-115,Flex Americas
06FRO-115,Frontera
06FTE-138,Fuente
06FUG-115,Felix U. Gomez
06FUN-115,Fundidora
06GAC-115,Garcia
06GDL-115,Guadalupe
06GMO-115,General Motors
06GPT-115,Generadora Petrocel
06GRA-115,Granjas
06GRS-115,Girasoles
06GUE-115,Guemez
06HUI-115,Huinala
06HUI-230,Huinala
06HUO-400,Huinala Dos
06HYM-400,Hylsa Maniobras
06IND-115,Industrial
06INF-115,Subestación Infonavit
06INO-138,Parque Industrial Del Norte
06INV-138,Infonavit
06JAD-138,Jardin Dos
06JAN-115,San Juan
06JCC-115,Johnson Controls
06JEP-115,Jeronimo Potencia
06JNO-115,Juarez Norte
06JOR-115,San Jorge
06JRA-138,Jarachina
06JUZ-138,Juarez
06JZO-115,Josefa Zozaya
06KAF-115,Energia mk kf
06KGP-115,Kalos Guadalupe
06KMG-115,Kemet Guadalupe Monterrey
06KOH-115,Koholer-Sanimex
06KRF-115,Kraft Food
06LAA-138,Laredo Americano
06LAF-115,La Fe
06LAJ-115,Lajas
06LAO-138,Lago
06LBR-115,Libramiento
06LBT-115,Libertad
06LDA-115,Ladrillera
06LDC-115,Laguna del Conejo
06LDV-115,Linda Vista
06LEC-115,Lechugal
06LEO-115,Leona
06LLN-115,Llanos Saltillo
06LOL-115,Loma Larga
06LRR-115,Ladrillera Revolucion
06LSN-115,Linares
06LTO-138,Las Torres
06LVI-138,Lauro Villar
06MAB-115,Mabe
06MAN-115,Mante
06MAV-115,Miravalle
06MCO-115,Marcos San
06MDS-138,Micare Dos
06MDU-115,Maniobras Dulces Nombres
06MEH-230,Cuadro de Maniobras Eolica Coahuila
06MEO-230,Cuadro de Maniobras Eolico Santa Catarina
06MES-400,Las Mesas
06MGN-115,San Miguel el Naranjo
06MIA-230,Minera Autlan
06MIE-115,Minera
06MIG-138,Miguel Aleman
06MIT-115,Mitras
06MKL-115,Monte Kristal
06MME-138,Magneticos de Mex
06MOD-115,Modelo
06MON-115,Monclova
06MON-230,Monclova
06MPX-115,Cuadro de Maniobras Promax
06MRL-115,Morelos
06MSA-115,Metalsa
06MSC-115,Mannesmann
06MSI-115,Misiones
06MSO-115,Museo
06MTI-115,Montoi
06MTM-138,Matamoros
06MTN-115,Montemorelos
06MTP-115,Monterrey Potencia
06MTY-115,Monterrey
06MUL-115,Manuel
06MUN-115,Munich
06MZQ-115,Mezquital
06NAS-115,Navistar
06NAV-138,Nava
06NEK-115,Nemak
06NIC-115,San Nicolas
06NOG-115,Nogalar
06NRE-138,Norte
06NRJ-115,Naranjo
06NST-115,Nueva Santander
06NUE-115,Nueva escobedo
06NUL-138,Nuevo Laredo
06NUR-115,Nueva Rosita
06NUR-230,Nueva Rosita
06NVD-115,Navidad
06OJC-138,Ojo Caliente
06ORN-115,Orion
06ORZ-138,Orizatlan
06OTE-138,Oriente
06OVO-115,Olivo
06OXF-115,Oxford
06OZL-115,Ozuluama
06PAE-400,Puerto Altamira Electrica
06PAI-138,Parque Industrial
06PAN-115,Panuco
06PAX-115,Prax Air
06PBS-115,Planta Bombeo La Silla
06PCD-230,Pemex Cadereyta
06PCO-115,Posco
06PCT-115,Pecten
06PEM-115,Pemex
06PER-138,Petrolera
06PIA-115,Parque Industrial Amistad Aeropuerto
06PIC-138,Parque Industrial Colonial
06PIE-115,Parque Industrial Escobedo
06PIK-115,Parque Industrial Kalos
06PIO-138,Parque Industrial Oradel
06PIU-138,Parque Industrial Acuña
06PLC-115,Policyd
06PLE-115,Prolec
06PMA-115,Parque Industrial Monterrey-Apodaca
06PNE-138,Piedras Negras
06POG-138,Parque Industrial Prologis
06POL-115,Polvorin
06PQA-115,Pesqueria
06PQT-115,Apodaca Technology Park
06PRY-115,Panel Rey
06PSM-115,PI Santa Maria
06PTS-115,Las Puentes
06PUI-138,Puente Internacional
06PUO-115,Puerto
06PZA-115,Plaza
06RAP-115,Ramos Arizpe Potencia
06RAP-400,Ramos Arizpe Potencia
06RBP-138,Rio Bravo Poniente
06RDP-115,Real de Palmas
06REC-230,Rio Escondido
06REC-400,Rio Escondido
06REY-138,Reynosa
06RIB-138,Rio Bravo
06RIB-230,Rio Bravo
06RIE-115,El Riel
06RIO-115,Rio
06RMA-115,Refineria Madero
06ROQ-115,San Roque
06RRA-115,Ramos Arizpe
06RRD-138,Rail Road
06RYC-138,Reynosa Centro
06SAH-115,Sabinas Hidalgo
06SAL-115,Saltillo
06SEN-138,Sendero Nacional
06SLL-115,La Silla
06SMA-115,San Martin
06SRD-115,Solidaridad
06STO-115,El Salto
06STZ-115,Santa Cruz
06TAM-115,Tamaulipas
06TCL-115,Tancol
06TCO-138,Trico
06TEC-115,Tecnologico
06TEE-115,Temex
06TEG-400,Termoelectrica del Golfo
06TEP-400,Termoelectrica Peñoles
06THB-115,Thomas & Betts
06THO-115,Topo Chico
06TIB-115,Tierra Blanca
06TII-115,Triara II
06TKS-115,Teksid
06TMO-115,Tamos
06TMS-400,Tres Mesas Maniobras
06TNA-115,Tierra Nueva
06TPC-115,Tampico
06TPQ-115,Tampiquito
06TRQ-400,Ternium Planta Pesqueria
06TXE-115,Textilera
06UCA-230,Union Carbide
06UNI-115,Universidad
06UNT-115,Universidad Tampico
06VAL-115,Valle Alto
06VAP-115,Valle Poniente
06VDG-230,Villa de Garcia
06VDS-115,Villa de Santiago
06VES-115,Valles
06VHE-138,Valle Hermoso
06VJD-115,Villa de Juarez Dos
06VKM-230,Ventika Manioras
06VLF-138,Villa Florida
06VLL-115,Valle
06VOT-115,Valle Oriente
06VRA-115,Victoria
06VSA-115,Vitro Crisa
06VSL-115,Valle soleado
06XOC-115,Xochitilli
06ZPL-115,Zapaliname
07ACU-115,Acueducto La Mision
07APD-230,Aeropuerto Dos
07ASJ-115,Aeropuerto San Jose del Cabo
07BJO-69,Bajio
07BLE-115,Bledales
07CAB-115,Cabo  Bello
07CAD-115,Cabo San Lucas Dos
07CAE-69,Carga particular en linea de transmision MEP-63720-DRA
07CAF-115,Cabo Falso
07CAR-115,Camino Real
07CAS-115,Cabo del Sol
07CES-69,Carga particular en linea de transmision MEP-63480-TJI
07CHQ-230,Chapultepec
07CIP-115,Cipres
07CME-115,Cemex
07CNA-69,Cardenas
07CNT-230,Centenario
07CNZ-161,Carranza
07COE-115,Colonet
07COR-230,Coromuel
07CPC-161,Cerro Prieto Cuatro
07CPD-230,Cerro Prieto Dos
07CPT-230,Cerro Prieto Tres
07CPU-161,Cerro Prieto Uno
07CRE-115,Cabo Real
07CRO-161,Centro
07CSC-230,Compañia Siderurgica California
07CTY-161,Cetys
07CTY-230,Cetys
07DLC-115,Desaladora Los Cabos
07DOM-115,Santo Domingo
07DRA-69,Durazno
07EDA-115,Ensenada
07ELP-230,El Palmar
07END-69,Encinal Dos
07ENT-115,Entronque San Felipe
07EPC-115,Cementera Punta China
07ETR-115,El Triunfo
07FCO-69,Francisco Villa
07FEV-161,FEVISA
07FLO-69,El Florido
07FMO-115,Fabrica Monterrey
07FOR-69,Formosa
07FTA-69,Frontera
07GAO-115,Central Termica Gral. Agustin Olachea
07GER-69,Guerrero
07GLL-115,Gallo
07GOR-161,Gonzalez Ortega
07HGO-161,Hidalgo
07HMO-69,Hipodromo
07HUN-69,Hunter
07INA-69,Industrial
07INS-115,Insurgentes
07IOP-69,P. I. Otay Matamoros
07IVY-230,Imperial Valley
07JAT-115,Jatay
07JOV-230,La Jovita
07JOY-115,La Joya
07KCH-161,Cachanilla
07LAP-115,Las Pilas
07LGO-69,Lago
07LMS-69,La Mesa
07LOS-115,Lomas
07LPZ-115,La Paz
07LRO-115,Loreto
07MAB-69,Mabamex
07MEP-230,Metropoli Potencia
07MEP-69,Metropoli Potencia
07MND-115,Maneadero
07MOE-161,Mexican Oriente
07MSN-115,Mision
07MXC-69,Mexico
07MXI-161,Mexicali Dos
07MXI-230,Mexicali Dos
07NEL-69,Nellcor
07NZI-161,Nacozari
07OLA-115,Olas Altas
07OMS-230,Otay Mesa
07ONG-69,Ojos Negros
07OZA-230,Orizaba
07PAA-115,Palmira
07PAF-69,Pacifico
07PAP-69,Panamericana Potencia
07PES-115,Puerto Escondido
07PID-161,Parque Industrial
07PID-230,Parque Industrial
07PJZ-115,Presidente Juarez
07PJZ-230,Presidente Juarez
07PKD-161,Packard
07PML-115,Palmilla
07PNM-115,Panamericana
07PNU-115,Puerto Nuevo
07POP-115,Popotla
07PUP-115,Punta Prieta
07RCO-115,El Recreo
07RFO-115,Rofomex
07RII-69,Rio
07RIN-161,Rio Nuevo
07ROA-230,Rosita
07RSI-69,RSI Home Product
07RUB-69,Rubi
07RUM-69,Rumorosa
07RZC-161,Ruiz Cortinez
07SAF-115,San Felipe
07SAZ-115,Sauzal
07SED-69,SEDUE
07SHA-115,Sharp
07SIO-69,Seminario
07SIS-161,Santa Isabel
07SJC-115,San Jose del Cabo
07SMN-115,San Simon
07SNT-115,Santiago
07SQN-115,San Quintin
07SRY-230,San Luis Rey
07STB-230,Sanchez Taboada
07SVE-115,San Vicente
07TCB-115,Turbogas Los Cabos
07TCD-69,Tecate Dos
07TCT-69,Tecate
07TEE-69,Tecolote
07TEK-230,Tecnologico
07TJD-69,Subestacion Tijuana
07TJI-69,Tijuana Uno
07TOY-230,Toyota
07TRI-115,Valle de Trinidad
07UND-69,Universidad
07VAS-69,P. I. Valle Sur
07VIG-69,Carga particular en linea de transmision HMO-63240-INA
07VIO-115,Villa Constitucion
07VLP-69,Valle de Guadalupe
07VPA-230,Valle de Puebla
07VPM-69,Valle de Palmas
07WIS-230,Wisteria
07XCO-230,Xochimilco
08AKD-115,Akumal Dos
08AKI-115,Akimpech
08ALO-115,Alom
08AUC-115,Ak Tunchen
08AVP-115,Aventura Palace
08BEL-115,Belice
08BNI-115,Bonfil
08BNP-115,Bonampak
08CBR-115,Chuburna
08CBU-115,Chicbul
08CCP-115,Caucel Potencia
08CEK-115,Canek
08CEX-115,Chemax
08CHB-34.5,Chankanaab
08CHS-34.5,Chancanab II
08CKD-115,Calkini Dos
08CLC-115,Calica
08CMO-115,Champoton
08CMY-115,Cementos Maya
08CNC-115,Cancun
08CNO-115,Centro
08CNR-115,Concordia
08COZ-34.5,Cozumel
08CRE-115,Cuidad del Carmen
08CTE-115,Chetumal Norte
08CYL-115,Cayal
08DZI-115,Dzitas
08ESA-115,Escarcega Potencia
08HAA-115,Chaac
08HBK-115,Hunabku
08HCE-115,Hecelchacan
08HNC-115,Hunucma
08HOL-115,Cholul
08HOP-115,Hopelchen
08HRA-115,Hidrogenadora
08IBR-115,Iberostar
08IGN-115,San Ignacio
08INS-115,Insurgentes
08IZE-115,Itzaes
08IZI-115,Itzimna
08IZL-115,Izamal
08KAB-115,Kabah
08KAL-115,Kala
08KBL-115,Kambul
08KOP-115,Kopte
08KUK-115,Kukulkan
08LAC-115,Lazaro Cardenas
08LEE-115,Lee
08LRA-115,Lerma
08LTE-115,Laguna de Terminos
08MAX-115,Maxcanu
08MDA-115,Merida Dos
08MDN-115,Merida Oriente
08MDP-230,Merida Potencia
08MHH-115,Mahahual
08MPA-115,Moon Palace
08MTO-115,Metropolitana
08MYK-115,Mayakoba
08NCM-115,Nachi-Cocom
08NCT-115,Nichupte
08NIH-115,Nicte-Ha
08NIZ-115,Nizuc
08NTE-115,Norte
08PCN-115,Playa del Carmen
08PJU-115,Puerto Juarez
08PKP-115,Poktatpok
08PLY-115,Playacar
08PMO-115,Puerto Morelos
08PMR-115,Palmar
08PMU-115,Playa Mujeres
08PPH-115,Popolnah
08PPO-115,Puerto Progreso
08PSA-115,Punta Sam
08PTE-115,Poniente
08PYU-115,Polyuc
08SAD-115,Samula II
08SAE-115,San Pedro
08SAM-115,Samula
08SBY-115,Sabancuy
08SDM-115,Santo Domingo
08SHC-115,Siho Chac
08SLC-230,Santa Lucia
08SUC-115,Sucila
08SUR-115,Sur
08TIU-115,Ticul
08TKD-115,Tekax Dos
08TUM-115,Tulum
08TXM-115,Tixmehuac
08TXS-115,Temax Dos
08TZM-115,Tizimin
08UMA-115,Uman
08VAD-115,Valladolid Potencia
08VAD-230,Valladolid Potencia
08VDD-115,Valladolid
08XLC-115,Xcalacoco
08XPU-115,Xpugil
08XUL-115,Xul-Ha
08YXE-115,Yaxche
08ZNE-115,Zac Nicte
09LBR-230,Los Brillantes
